time,adservice-cpu,adservice-mem,adservice-cpu_cfs,adservice-rps,adservice-success_rate,adservice-network_receive,adservice-network_transmit,adservice-p50latency,adservice-p95latency,cartservice-cpu,cartservice-mem,cartservice-cpu_cfs,cartservice-rps,cartservice-success_rate,cartservice-network_receive,cartservice-network_transmit,cartservice-p50latency,cartservice-p95latency,checkoutservice-cpu,checkoutservice-mem,checkoutservice-cpu_cfs,checkoutservice-rps,checkoutservice-success_rate,checkoutservice-network_receive,checkoutservice-network_transmit,checkoutservice-p50latency,checkoutservice-p95latency,currencyservice-cpu,currencyservice-mem,currencyservice-cpu_cfs,currencyservice-rps,currencyservice-success_rate,currencyservice-network_receive,currencyservice-network_transmit,currencyservice-p50latency,currencyservice-p95latency,emailservice-cpu,emailservice-mem,emailservice-cpu_cfs,emailservice-rps,emailservice-success_rate,emailservice-network_receive,emailservice-network_transmit,emailservice-p50latency,emailservice-p95latency,frontend-cpu,frontend-mem,frontend-cpu_cfs,frontend-rps,frontend-success_rate,frontend-network_receive,frontend-network_transmit,frontend-p50latency,frontend-p95latency,paymentservice-cpu,paymentservice-mem,paymentservice-cpu_cfs,paymentservice-rps,paymentservice-success_rate,paymentservice-network_receive,paymentservice-network_transmit,paymentservice-p50latency,paymentservice-p95latency,productcatalogservice-cpu,productcatalogservice-mem,productcatalogservice-cpu_cfs,productcatalogservice-rps,productcatalogservice-success_rate,productcatalogservice-network_receive,productcatalogservice-network_transmit,productcatalogservice-p50latency,productcatalogservice-p95latency,recommendationservice-cpu,recommendationservice-mem,recommendationservice-cpu_cfs,recommendationservice-rps,recommendationservice-success_rate,recommendationservice-network_receive,recommendationservice-network_transmit,recommendationservice-p50latency,recommendationservice-p95latency,redis-cart-cpu,redis-cart-mem,redis-cart-cpu_cfs,redis-cart-rps,redis-cart-success_rate,redis-cart-network_receive,redis-cart-network_transmit,redis-cart-p50latency,redis-cart-p95latency,shippingservice-cpu,shippingservice-mem,shippingservice-cpu_cfs,shippingservice-rps,shippingservice-success_rate,shippingservice-network_receive,shippingservice-network_transmit,shippingservice-p50latency,shippingservice-p95latency,master-cpu,master-mem,master-tcp_retans,worker-01-cpu,worker-01-mem,worker-01-tcp_retans,worker-02-cpu,worker-02-mem,worker-02-tcp_retans,worker-03-cpu,worker-03-mem,worker-03-tcp_retans
2025-12-25 15:49:27,0.02,83189760.0,0.019,12.044,1.0,24.893,13.748,2.969,4.817,0.034,47923200.0,0.092,26.733,1.0,73.902,70.066,2.102,32.065,0.007,8294400.0,0.0,2.927,1.0,33.293,44.057,18.152,75.154,0.041,31682560.0,0.0,84.128,1.0,152.557,147.772,0.304,3.924,0.003,44937216.0,0.0,2.933,1.0,8.018,4.343,2.946,4.818,0.071,12595200.0,0.005,26.556,1.0,332.874,364.487,16.274,64.5,0.004,15405056.0,0.0,2.889,1.0,5.926,5.53,3.0,4.822,0.028,8609792.0,0.0,121.1,1.0,152.638,118.915,0.266,1.734,0.028,43982848.0,0.004,16.311,1.0,37.325,39.944,3.089,4.969,0.005,7385088.0,0.0,0,0,43.198,29.549,0,0,0.004,7598080.0,0.0,11.333,1.0,23.928,12.792,0.337,4.232,6.531,40.281,0.0,6.903,9.536,0.0,3.114,9.514,0.0,1.106,10.864,0.133
2025-12-25 15:49:32,0.035,84197376.0,0.032,12.044,1.0,24.893,13.748,2.965,4.817,0.034,47923200.0,0.092,26.733,1.0,73.902,70.066,2.002,32.065,0.008,8695808.0,0.0,2.933,1.0,40.836,54.038,17.826,37.172,0.04,29491200.0,0.004,84.267,1.0,117.412,113.729,0.301,3.86,0.003,44937216.0,0.0,2.956,1.0,8.018,4.343,2.944,4.809,0.058,12595200.0,0.004,26.556,1.0,389.784,427.983,16.274,64.5,0.004,15405056.0,0.0,2.889,1.0,7.212,6.729,2.987,4.799,0.028,8990720.0,0.0,121.295,1.0,152.638,118.915,0.266,1.738,0.027,43982848.0,0.0,16.311,1.0,47.064,50.367,3.089,4.969,0.005,7385088.0,0.0,0,0,43.373,29.61,0,0,0.004,7598080.0,0.0,11.578,1.0,23.928,12.792,0.334,4.204,6.531,40.281,0.0,6.617,9.559,0.0,3.131,9.572,0.0,1.106,10.864,0.133
2025-12-25 15:49:37,0.035,84197376.0,0.032,11.978,1.0,23.726,13.086,2.925,4.821,0.022,48033792.0,0.0,26.667,1.0,73.902,70.066,1.774,4.697,0.008,8695808.0,0.0,2.933,1.0,40.836,54.038,17.552,24.625,0.04,29491200.0,0.004,84.267,1.0,110.557,106.762,0.291,3.607,0.003,44937216.0,0.0,3.067,1.0,8.025,4.323,2.962,4.81,0.071,13074432.0,0.005,26.267,1.0,389.784,427.983,15.726,24.787,0.004,15392768.0,0.0,2.889,1.0,7.673,7.102,2.986,4.799,0.028,8990720.0,0.0,121.311,1.0,152.809,119.616,0.26,0.494,0.027,43982848.0,0.0,16.356,1.0,47.064,50.367,3.003,4.805,0.005,7385088.0,0.0,0,0,43.373,29.61,0,0,0.004,7598080.0,0.0,11.578,1.0,20.093,10.737,0.331,4.184,6.483,40.349,0.0,6.617,9.559,0.0,3.131,9.572,0.0,1.089,10.884,0.0
2025-12-25 15:49:42,0.035,84197376.0,0.032,11.978,1.0,23.726,13.086,2.916,4.82,0.022,48033792.0,0.0,26.667,1.0,53.835,50.869,1.781,4.683,0.008,8695808.0,0.0,3.133,1.0,41.354,55.187,17.349,24.337,0.038,29601792.0,0.005,84.622,1.0,150.428,144.875,0.289,3.538,0.002,44937216.0,0.0,3.067,1.0,8.025,4.323,2.955,4.796,0.071,13074432.0,0.005,26.267,1.0,324.878,356.725,15.726,24.787,0.004,15392768.0,0.0,3.089,1.0,7.673,7.102,2.978,4.798,0.028,8990720.0,0.0,124.022,1.0,156.971,122.971,0.259,0.493,0.027,43982848.0,0.0,16.356,1.0,47.941,51.686,3.003,4.805,0.005,7385088.0,0.0,0,0,43.373,29.61,0,0,0.004,7569408.0,0.0,11.578,1.0,25.019,13.28,0.325,4.131,6.483,40.349,0.0,6.617,9.559,0.0,3.131,9.572,0.0,1.089,10.884,0.0
2025-12-25 15:49:47,0.029,84234240.0,0.024,11.978,1.0,23.726,13.086,2.906,4.819,0.022,48033792.0,0.0,26.667,1.0,60.077,56.767,1.781,4.683,0.008,8626176.0,0.0,3.133,1.0,43.126,57.63,17.328,24.335,0.038,29601792.0,0.005,84.622,1.0,150.428,144.875,0.289,3.534,0.004,44953600.0,0.0,3.067,1.0,8.025,4.323,2.955,4.796,0.073,13807616.0,0.01,26.267,1.0,389.026,427.161,15.726,24.787,0.004,15392768.0,0.0,3.089,1.0,6.957,6.455,2.976,4.798,0.029,9003008.0,0.0,124.022,1.0,158.002,123.851,0.259,0.493,0.021,44044288.0,0.0,16.356,1.0,47.51,51.346,3.003,4.805,0.005,7376896.0,0.0,0,0,43.436,29.653,0,0,0.004,7569408.0,0.0,12.089,1.0,25.019,13.28,0.322,4.105,6.483,40.349,0.0,6.625,9.584,0.0,3.089,9.583,0.0,1.089,10.884,0.0
2025-12-25 15:49:52,0.029,84234240.0,0.024,11.578,1.0,20.493,11.38,2.831,4.821,0.019,47988736.0,0.0,27.111,1.0,74.897,70.771,1.872,4.692,0.008,8626176.0,0.0,3.133,1.0,43.126,57.63,17.258,24.329,0.038,29601792.0,0.005,84.622,1.0,147.027,140.554,0.289,3.53,0.004,44953600.0,0.0,3.156,1.0,8.178,4.461,2.939,4.794,0.073,13807616.0,0.01,26.911,0.999,389.026,427.161,15.768,26.591,0.004,15343616.0,0.0,3.089,1.0,8.026,7.389,2.973,4.797,0.029,9003008.0,0.0,124.022,1.0,158.002,123.851,0.26,0.494,0.029,44044288.0,0.0,16.644,1.0,47.51,51.346,3.005,4.81,0.005,7376896.0,0.0,0,0,45.161,31.081,0,0,0.004,7569408.0,0.0,12.089,1.0,25.488,13.583,0.326,4.139,6.389,40.432,0.0,6.625,9.584,0.0,3.089,9.583,0.0,1.125,10.869,0.0
2025-12-25 15:49:57,0.029,84234240.0,0.024,11.578,1.0,23.73,13.178,2.812,4.819,0.022,47988736.0,0.0,27.111,1.0,74.897,70.771,1.878,4.692,0.008,8626176.0,0.0,3.067,1.0,36.536,48.823,17.184,24.321,0.032,29601792.0,0.006,84.667,1.0,147.027,140.554,0.288,3.502,0.004,44953600.0,0.0,3.156,1.0,8.551,4.726,2.94,4.794,0.073,13807616.0,0.01,26.911,0.999,317.136,348.224,15.768,26.591,0.004,15343616.0,0.0,3.067,1.0,8.026,7.389,2.973,4.808,0.025,9003008.0,0.0,126.044,1.0,158.623,124.466,0.26,0.494,0.029,44044288.0,0.0,16.644,1.0,47.775,51.661,3.005,4.81,0.005,7376896.0,0.0,0,0,45.161,31.081,0,0,0.003,7569408.0,0.0,12.089,1.0,21.272,11.462,0.321,4.098,6.389,40.432,0.0,6.625,9.584,0.0,3.089,9.583,0.0,1.125,10.869,0.0
2025-12-25 15:50:02,0.02,84586496.0,0.032,11.578,1.0,23.73,13.178,2.8,4.818,0.022,47988736.0,0.0,27.111,1.0,76.026,71.663,1.878,4.692,0.008,8744960.0,0.0,3.067,1.0,42.951,57.575,17.144,24.318,0.038,30801920.0,0.005,84.667,1.0,147.027,140.554,0.288,3.502,0.004,44949504.0,0.0,3.156,1.0,8.551,4.726,2.94,4.794,0.074,13340672.0,0.011,26.911,0.999,388.192,428.281,15.768,26.591,0.004,15343616.0,0.0,3.067,1.0,7.882,7.304,2.972,4.812,0.024,9003008.0,0.0,126.044,1.0,129.258,101.556,0.26,0.494,0.029,44081152.0,0.0,16.644,1.0,47.775,51.661,3.005,4.81,0.004,7376896.0,0.0,0,0,46.616,32.225,0,0,0.004,7790592.0,0.0,12.511,1.0,19.467,10.489,0.32,4.084,6.389,40.432,0.0,6.717,9.601,0.333,3.119,9.603,0.0,1.125,10.869,0.0
2025-12-25 15:50:07,0.022,84586496.0,0.036,11.822,1.0,19.041,10.754,2.716,4.843,0.021,48087040.0,0.0,27.2,1.0,76.026,71.663,1.825,4.682,0.008,8744960.0,0.0,3.067,1.0,42.951,57.575,17.169,24.321,0.038,30801920.0,0.005,84.667,1.0,146.009,138.911,0.288,3.511,0.004,44949504.0,0.0,2.867,1.0,9.165,4.999,2.94,4.794,0.075,13340672.0,0.013,27.089,0.999,388.192,428.281,15.836,29.476,0.004,15343616.0,0.0,3.067,1.0,6.521,6.043,2.973,4.815,0.022,9003008.0,0.0,126.044,1.0,163.516,128.472,0.26,0.493,0.029,44081152.0,0.0,17.089,1.0,47.775,51.661,3.005,4.81,0.005,7376896.0,0.0,0,0,45.529,31.552,0,0,0.004,7790592.0,0.0,12.511,1.0,25.87,13.845,0.321,4.098,6.422,40.369,0.0,6.717,9.601,0.333,3.119,9.603,0.0,1.128,10.245,0.0
2025-12-25 15:50:12,0.025,84586496.0,0.04,11.822,1.0,17.033,9.62,2.681,4.841,0.02,48087040.0,0.0,27.2,1.0,78.702,74.224,1.805,4.68,0.008,8744960.0,0.0,2.756,1.0,38.992,52.451,17.201,24.274,0.038,30801920.0,0.005,86.733,1.0,97.587,91.816,0.287,3.464,0.004,44949504.0,0.0,2.867,1.0,8.056,4.402,2.937,4.794,0.075,13340672.0,0.013,27.089,0.999,390.043,430.348,15.836,29.476,0.004,15699968.0,0.0,2.733,1.0,5.864,5.434,2.975,4.809,0.03,9175040.0,0.0,125.711,1.0,161.652,126.816,0.259,0.493,0.028,44253184.0,0.0,17.089,1.0,48.935,53.449,3.005,4.81,0.005,7376896.0,0.0,0,0,45.529,31.552,0,0,0.004,7606272.0,0.0,12.511,1.0,25.87,13.845,0.322,4.101,6.422,40.369,0.0,6.717,9.601,0.333,3.119,9.603,0.0,1.128,10.245,0.0
2025-12-25 15:50:17,0.03,84922368.0,0.049,11.822,1.0,24.879,14.075,2.675,4.841,0.028,59834368.0,0.043,27.2,1.0,75.688,71.479,1.805,4.68,0.007,8466432.0,0.0,2.756,1.0,37.206,50.525,17.201,24.274,0.031,30801920.0,0.0,86.733,1.0,109.692,103.205,0.287,3.464,0.002,44949504.0,0.0,2.867,1.0,8.056,4.402,2.937,4.794,0.075,13545472.0,0.015,27.089,0.999,384.673,424.987,15.836,29.476,0.004,15699968.0,0.0,2.733,1.0,8.016,7.221,2.976,4.811,0.03,9175040.0,0.0,125.711,1.0,161.652,126.816,0.259,0.493,0.019,44253184.0,0.0,17.089,1.0,48.437,52.894,3.005,4.81,0.005,7376896.0,0.0,0,0,45.529,31.552,0,0,0.004,7606272.0,0.0,11.733,1.0,22.928,12.137,0.325,4.13,6.422,40.369,0.0,6.972,9.531,0.0,2.994,9.574,0.0,1.128,10.245,0.0
2025-12-25 15:50:22,0.03,84922368.0,0.049,12.289,1.0,25.496,14.353,2.601,4.841,0.03,59834368.0,0.057,27.067,1.0,75.688,71.479,1.802,4.812,0.007,8466432.0,0.0,2.756,1.0,37.206,50.525,17.372,24.582,0.037,32665600.0,0.0,86.733,1.0,98.5,92.675,0.287,3.466,0.002,44949504.0,0.0,2.644,1.0,7.596,4.243,2.925,4.792,0.075,13545472.0,0.015,27.422,0.999,384.673,424.987,16.019,38.428,0.004,15962112.0,0.0,2.733,1.0,8.016,7.221,2.977,4.813,0.03,9060352.0,0.0,125.711,1.0,161.652,126.816,0.259,0.493,0.021,44253184.0,0.0,16.822,1.0,48.437,52.894,3.005,4.81,0.005,7376896.0,0.0,0,0,45.146,31.18,0,0,0.004,7606272.0,0.0,11.733,1.0,25.06,13.258,0.322,4.105,6.869,40.38,0.067,6.972,9.531,0.0,2.994,9.574,0.0,1.172,10.251,0.2
2025-12-25 15:50:27,0.028,87339008.0,0.041,12.289,1.0,25.496,14.353,2.601,4.841,0.03,59834368.0,0.057,27.067,1.0,73.825,69.568,1.794,4.844,0.007,8597504.0,0.0,2.533,1.0,35.772,49.166,17.844,53.75,0.037,32665600.0,0.0,89.778,1.0,145.395,136.999,0.287,3.437,0.002,44949504.0,0.0,2.644,1.0,7.437,4.185,2.922,4.792,0.075,13545472.0,0.015,27.422,0.999,384.673,424.987,16.019,38.428,0.004,15962112.0,0.0,2.533,1.0,7.65,6.877,2.972,4.809,0.03,9060352.0,0.0,121.489,1.0,158.991,124.704,0.259,0.493,0.023,44253184.0,0.0,16.822,1.0,46.994,50.657,3.005,4.81,0.005,7376896.0,0.0,0,0,45.146,31.18,0,0,0.004,7618560.0,0.0,11.733,1.0,24.355,12.939,0.323,4.116,6.869,40.38,0.067,6.972,9.531,0.0,2.994,9.574,0.0,1.172,10.251,0.2
2025-12-25 15:50:32,0.029,87339008.0,0.051,12.289,1.0,24.784,14.033,2.601,4.841,0.03,59834368.0,0.057,27.067,1.0,59.451,56.022,1.794,4.844,0.006,8597504.0,0.0,2.533,1.0,35.772,49.166,17.844,53.75,0.037,32665600.0,0.0,89.778,1.0,145.395,136.999,0.287,3.437,0.003,44953600.0,0.0,2.644,1.0,7.437,4.185,2.922,4.792,0.075,14045184.0,0.016,27.422,0.999,383.237,426.074,16.019,38.428,0.004,15962112.0,0.0,2.533,1.0,7.65,6.877,2.973,4.811,0.029,9060352.0,0.0,121.489,1.0,128.097,100.472,0.259,0.493,0.028,44150784.0,0.0,16.822,1.0,46.994,50.657,3.005,4.81,0.005,7376896.0,0.0,0,0,36.301,24.928,0,0,0.004,7618560.0,0.0,11.578,1.0,24.355,12.939,0.324,4.125,6.869,40.38,0.067,7.439,9.586,0.0,3.0,9.578,0.0,1.172,10.251,0.2
2025-12-25 15:50:37,0.029,87339008.0,0.051,12.156,1.0,24.676,14.058,2.527,4.82,0.092,61276160.0,0.473,26.133,1.0,53.299,50.225,2.209,62.579,0.007,8671232.0,0.0,2.533,1.0,35.772,49.166,18.839,85.278,0.037,31428608.0,0.004,89.778,1.0,144.472,136.13,0.293,3.644,0.003,44953600.0,0.0,2.644,1.0,5.399,3.034,2.93,4.793,0.074,14045184.0,0.015,26.644,1.0,383.237,426.074,17.254,81.557,0.004,15962112.0,0.0,2.533,1.0,7.121,6.552,2.974,4.812,0.029,9060352.0,0.0,121.489,1.0,114.848,90.08,0.263,0.499,0.028,44150784.0,0.0,16.289,1.0,46.994,50.657,3.029,4.855,0.005,7368704.0,0.0,0,0,42.699,28.81,0,0,0.004,7618560.0,0.0,11.578,1.0,19.635,10.431,0.319,4.075,7.008,40.417,0.133,7.439,9.586,0.0,3.0,9.578,0.0,1.186,10.251,0.0
2025-12-25 15:50:42,0.027,85323776.0,0.043,12.156,1.0,24.676,14.058,2.527,4.82,0.092,61276160.0,0.473,26.133,1.0,70.992,72.168,2.241,65.363,0.007,8671232.0,0.0,2.622,1.0,31.284,42.23,20.286,95.238,0.037,31428608.0,0.005,89.578,1.0,143.603,135.284,0.295,3.709,0.003,44953600.0,0.0,2.644,1.0,7.021,3.963,2.931,4.793,0.074,14045184.0,0.015,26.644,1.0,377.65,421.357,17.254,81.557,0.004,15917056.0,0.0,2.622,1.0,7.121,6.552,2.923,4.792,0.023,9060352.0,0.0,122.044,1.0,153.495,118.967,0.263,0.5,0.028,44150784.0,0.0,16.289,1.0,47.916,51.058,3.029,4.855,0.005,7368704.0,0.0,0,0,42.699,28.81,0,0,0.002,7618560.0,0.0,11.578,1.0,23.806,12.761,0.322,4.105,7.008,40.417,0.133,7.439,9.586,0.0,3.0,9.578,0.0,1.186,10.251,0.0
2025-12-25 15:50:47,0.023,85323776.0,0.027,12.156,1.0,24.676,14.058,2.527,4.819,0.092,61276160.0,0.473,26.133,1.0,70.992,72.168,2.241,65.363,0.007,8671232.0,0.0,2.622,1.0,36.532,49.315,20.286,95.238,0.037,31428608.0,0.005,89.578,1.0,143.603,135.284,0.295,3.709,0.003,44965888.0,0.0,2.644,1.0,7.021,3.963,2.931,4.793,0.071,13672448.0,0.013,26.644,1.0,378.121,424.143,17.254,81.557,0.004,15917056.0,0.0,2.622,1.0,7.121,6.552,2.923,4.792,0.012,9060352.0,0.0,122.044,1.0,153.495,118.967,0.263,0.5,0.027,44150784.0,0.0,16.289,1.0,47.916,51.058,3.029,4.855,0.005,7368704.0,0.0,0,0,42.699,28.81,0,0,0.004,8048640.0,0.0,11.133,1.0,23.806,12.761,0.323,4.113,7.008,40.417,0.133,8.028,9.613,0.0,2.875,9.511,0.0,1.186,10.251,0.0
2025-12-25 15:50:52,0.023,85323776.0,0.027,12.378,1.0,12.1,6.967,2.442,4.778,0.138,61509632.0,0.719,26.778,1.0,70.992,72.168,2.941,80.708,0.007,8773632.0,0.0,2.622,1.0,36.532,49.315,21.743,97.212,0.037,31449088.0,0.004,89.578,1.0,118.256,111.585,0.299,3.803,0.003,44965888.0,0.0,2.822,1.0,6.671,3.683,2.94,4.794,0.071,13672448.0,0.013,27.044,1.0,378.121,424.143,18.978,92.318,0.003,15917056.0,0.0,2.622,1.0,5.681,5.366,2.923,4.792,0.028,8974336.0,0.0,122.044,1.0,152.303,118.079,0.267,1.828,0.027,44216320.0,0.0,16.022,1.0,47.916,51.058,3.035,4.867,0.005,7368704.0,0.0,0,0,42.946,28.251,0,0,0.004,8048640.0,0.0,11.133,1.0,23.42,12.655,0.318,4.065,6.806,40.376,0.0,8.028,9.613,0.0,2.875,9.511,0.0,1.164,10.261,0.067
2025-12-25 15:50:57,0.019,85323776.0,0.023,12.378,1.0,12.1,6.967,2.441,4.778,0.138,61509632.0,0.719,26.778,1.0,69.916,72.168,2.985,81.087,0.007,8773632.0,0.0,2.933,1.0,38.038,50.516,23.193,97.421,0.037,31449088.0,0.004,89.333,1.0,143.087,134.961,0.302,3.857,0.003,44961792.0,0.0,2.822,1.0,7.009,3.875,2.942,4.794,0.071,13672448.0,0.013,27.044,1.0,378.121,424.143,18.978,92.318,0.003,15917056.0,0.0,2.978,1.0,7.178,6.779,2.911,4.791,0.028,8974336.0,0.0,124.467,1.0,149.879,115.737,0.267,1.847,0.027,44216320.0,0.0,16.022,1.0,38.632,40.506,3.035,4.867,0.004,7368704.0,0.0,0,0,42.946,28.251,0,0,0.004,8048640.0,0.0,11.133,1.0,23.53,12.685,0.32,4.09,6.806,40.376,0.0,8.028,9.613,0.0,2.875,9.511,0.0,1.164,10.261,0.067
2025-12-25 15:51:02,0.019,85729280.0,0.011,12.378,1.0,22.884,13.08,2.439,4.778,0.138,61509632.0,0.719,26.778,1.0,70.489,74.578,2.985,81.087,0.006,8773632.0,0.0,2.933,1.0,41.574,54.893,23.193,97.421,0.038,31449088.0,0.006,89.333,1.0,143.087,134.961,0.302,3.857,0.002,44961792.0,0.0,2.822,1.0,7.009,3.875,2.942,4.794,0.059,13672448.0,0.013,27.044,1.0,373.336,422.226,18.978,92.318,0.004,16437248.0,0.0,2.978,1.0,7.178,6.779,2.911,4.791,0.028,8974336.0,0.0,124.467,1.0,149.879,115.737,0.267,1.847,0.027,44216320.0,0.0,16.022,1.0,47.638,49.948,3.035,4.867,0.005,7368704.0,0.0,0,0,42.946,28.251,0,0,0.004,8048640.0,0.0,11.733,1.0,23.53,12.685,0.319,4.079,6.806,40.376,0.0,8.378,9.559,0.0,2.869,9.51,0.0,1.164,10.261,0.067
2025-12-25 15:51:07,0.019,85729280.0,0.011,11.911,1.0,22.884,13.08,2.332,4.733,0.18,62918656.0,0.957,27.044,1.0,70.489,74.578,3.968,94.994,0.008,8822784.0,0.0,2.933,1.0,41.574,54.893,26.19,125.909,0.037,32133120.0,0.004,89.333,1.0,141.641,133.494,0.319,4.158,0.002,44961792.0,0.0,3.0,1.0,6.012,3.324,2.929,4.793,0.071,13877248.0,0.025,27.089,1.0,373.336,422.226,22.094,206.721,0.004,16437248.0,0.0,2.978,1.0,7.524,7.151,2.911,4.791,0.028,9113600.0,0.0,124.467,1.0,147.391,112.942,0.278,2.995,0.028,44195840.0,0.002,16.289,1.0,47.638,49.948,3.191,8.28,0.005,7368704.0,0.0,0,0,41.885,26.859,0,0,0.004,7958528.0,0.0,11.733,1.0,24.18,13.137,0.319,4.077,6.453,40.488,0.133,8.378,9.559,0.0,2.869,9.51,0.0,1.086,10.27,0.0
2025-12-25 15:51:12,0.019,85843968.0,0.013,11.911,1.0,22.884,13.08,2.33,4.733,0.18,62918656.0,0.957,27.044,1.0,70.489,74.578,4.04,95.97,0.008,8822784.0,0.0,3.133,1.0,42.32,55.182,34.25,195.5,0.037,32133120.0,0.004,90.489,1.0,139.559,131.374,0.33,4.247,0.002,44961792.0,0.0,3.0,1.0,7.866,4.476,2.931,4.793,0.071,13877248.0,0.025,27.089,1.0,373.336,422.226,22.094,206.721,0.004,16437248.0,0.0,3.2,1.0,7.524,7.151,2.875,4.787,0.027,9113600.0,0.0,128.689,1.0,97.914,74.611,0.281,3.209,0.022,44195840.0,0.002,16.289,1.0,48.421,51.413,3.191,8.28,0.005,7368704.0,0.0,0,0,41.885,26.859,0,0,0.004,7958528.0,0.0,11.733,1.0,24.559,13.408,0.32,4.089,6.453,40.488,0.133,8.378,9.559,0.0,2.869,9.51,0.0,1.086,10.27,0.0
2025-12-25 15:51:17,0.019,85843968.0,0.012,11.911,1.0,24.028,13.639,2.328,4.733,0.151,62369792.0,0.777,27.044,1.0,55.537,60.441,4.04,95.97,0.007,8822784.0,0.0,3.133,1.0,42.32,55.182,34.25,195.5,0.037,32133120.0,0.004,90.489,1.0,139.559,131.374,0.33,4.247,0.004,44961792.0,0.0,3.0,1.0,7.866,4.476,2.931,4.793,0.072,13758464.0,0.028,27.089,1.0,369.737,419.464,22.094,206.721,0.004,16060416.0,0.0,3.2,1.0,7.841,7.44,2.875,4.787,0.027,9113600.0,0.0,128.689,1.0,109.927,83.766,0.281,3.209,0.027,44195840.0,0.003,16.289,1.0,49.375,52.687,3.191,8.28,0.004,7372800.0,0.0,0,0,41.885,26.859,0,0,0.004,7958528.0,0.0,12.089,1.0,24.559,13.408,0.319,4.078,6.453,40.488,0.133,8.661,9.573,0.0,2.875,9.545,0.0,1.086,10.27,0.0
2025-12-25 15:51:22,0.019,85843968.0,0.012,12.4,1.0,24.028,13.639,2.192,4.719,0.189,62369792.0,0.975,28.111,1.0,69.58,75.724,4.154,95.758,0.008,8687616.0,0.0,3.133,1.0,42.814,56.475,34.649,192.0,0.036,33280000.0,0.001,90.489,1.0,139.559,131.374,0.33,4.246,0.004,44961792.0,0.0,3.044,1.0,7.866,4.476,2.955,4.809,0.072,13758464.0,0.028,28.133,0.999,375.959,427.315,22.635,201.75,0.004,16060416.0,0.0,3.2,1.0,8.012,7.498,2.875,4.787,0.02,8986624.0,0.0,128.689,1.0,100.425,76.525,0.283,3.278,0.028,44187648.0,0.002,16.778,1.0,49.375,52.687,3.182,8.123,0.005,7372800.0,0.0,0,0,42.211,27.038,0,0,0.004,8581120.0,0.0,12.089,1.0,24.572,13.373,0.319,4.077,6.297,40.338,0.4,8.661,9.573,0.0,2.875,9.545,0.0,1.114,10.31,0.0
2025-12-25 15:51:27,0.021,101511168.0,0.021,12.4,1.0,24.028,13.639,2.19,4.719,0.189,62369792.0,0.975,28.111,1.0,69.58,75.724,4.163,95.779,0.008,8687616.0,0.0,3.0,1.0,42.878,56.943,33.958,182.5,0.036,33280000.0,0.001,91.8,1.0,139.121,130.919,0.331,4.241,0.004,44978176.0,0.0,3.044,1.0,7.425,4.183,2.962,4.823,0.072,13758464.0,0.028,28.133,0.999,375.959,427.315,22.635,201.75,0.004,16060416.0,0.0,2.956,1.0,8.012,7.498,2.901,4.793,0.022,8986624.0,0.0,126.489,1.0,149.092,114.44,0.283,3.262,0.028,44187648.0,0.002,16.778,1.0,48.804,51.945,3.182,8.123,0.005,7344128.0,0.0,0,0,33.801,21.651,0,0,0.004,8581120.0,0.0,12.089,1.0,24.478,13.286,0.321,4.099,6.297,40.338,0.4,8.661,9.573,0.0,2.875,9.545,0.0,1.114,10.31,0.0
2025-12-25 15:51:32,0.021,101511168.0,0.021,12.4,1.0,15.343,8.734,2.189,4.719,0.156,62369792.0,0.803,28.111,1.0,68.447,74.528,4.163,95.779,0.008,8687616.0,0.0,3.0,1.0,42.878,56.943,33.958,182.5,0.036,33280000.0,0.001,91.8,1.0,138.134,130.067,0.331,4.241,0.004,44978176.0,0.0,3.044,1.0,7.425,4.183,2.962,4.823,0.073,13574144.0,0.03,28.133,0.999,374.237,426.44,22.635,201.75,0.004,16060416.0,0.0,2.956,1.0,8.012,7.498,2.9,4.792,0.029,8986624.0,0.0,126.489,1.0,149.092,114.44,0.283,3.262,0.029,44187648.0,0.003,16.778,1.0,48.804,51.945,3.182,8.123,0.005,7344128.0,0.0,0,0,30.284,19.398,0,0,0.004,8581120.0,0.0,12.067,1.0,24.478,13.286,0.322,4.105,6.297,40.338,0.4,8.633,9.577,0.0,2.919,9.593,0.0,1.114,10.31,0.0
2025-12-25 15:51:37,0.021,101511168.0,0.021,12.111,1.0,17.269,9.83,2.122,4.712,0.189,62500864.0,0.99,27.356,1.0,68.447,74.528,4.274,98.344,0.007,8687616.0,0.0,3.0,1.0,36.351,48.275,34.375,188.929,0.037,35414016.0,0.001,91.8,1.0,136.059,128.039,0.343,4.313,0.004,44978176.0,0.0,2.978,1.0,7.425,4.183,2.962,4.824,0.073,13574144.0,0.03,27.422,0.999,371.846,422.201,23.097,227.131,0.004,16064512.0,0.0,2.956,1.0,6.9,6.456,2.9,4.791,0.029,9003008.0,0.0,126.489,1.0,149.092,114.44,0.283,3.287,0.029,44187648.0,0.003,16.556,1.0,48.804,51.945,3.208,8.448,0.005,7344128.0,0.0,0,0,26.773,17.025,0,0,0.004,8847360.0,0.0,12.067,1.0,24.318,13.207,0.323,4.114,6.456,40.252,0.0,8.633,9.577,0.0,2.919,9.593,0.0,1.1,10.35,0.0
2025-12-25 15:51:42,0.015,86081536.0,0.018,12.111,1.0,19.198,11.019,2.122,4.712,0.189,62500864.0,0.99,27.356,1.0,68.947,75.752,4.284,98.475,0.008,9023488.0,0.0,2.933,1.0,40.456,54.564,34.954,197.031,0.037,35414016.0,0.001,92.6,1.0,135.678,128.067,0.348,4.354,0.003,44969984.0,0.0,2.978,1.0,8.168,4.738,2.962,4.824,0.073,13574144.0,0.03,27.422,0.999,371.846,422.201,23.097,227.131,0.003,16064512.0,0.0,2.911,1.0,7.823,7.372,2.908,4.794,0.029,9003008.0,0.0,124.978,1.0,149.527,114.4,0.284,3.308,0.022,44187648.0,0.002,16.556,1.0,48.539,51.835,3.208,8.448,0.005,7340032.0,0.0,0,0,42.082,26.684,0,0,0.004,8847360.0,0.0,12.067,1.0,24.544,13.394,0.322,4.101,6.456,40.252,0.0,8.633,9.577,0.0,2.919,9.593,0.0,1.1,10.35,0.0
2025-12-25 15:51:47,0.019,86081536.0,0.022,12.111,1.0,23.533,13.506,2.122,4.712,0.189,62500864.0,0.99,27.356,1.0,68.786,74.577,4.284,98.475,0.008,9023488.0,0.0,2.933,1.0,40.456,54.564,34.954,197.031,0.037,31707136.0,0.005,92.6,1.0,135.678,128.067,0.348,4.354,0.003,44969984.0,0.0,2.978,1.0,7.839,4.431,2.962,4.824,0.062,14245888.0,0.021,27.422,0.999,378.04,428.781,23.097,227.131,0.004,16064512.0,0.0,2.911,1.0,7.823,7.372,2.908,4.793,0.029,9003008.0,0.0,124.978,1.0,119.988,91.8,0.284,3.308,0.028,44212224.0,0.002,16.556,1.0,48.539,51.835,3.208,8.448,0.005,7340032.0,0.0,0,0,42.082,26.684,0,0,0.004,8847360.0,0.0,12.156,1.0,24.544,13.394,0.32,4.082,6.456,40.252,0.0,8.731,9.505,0.0,2.886,9.556,0.0,1.1,10.35,0.0
2025-12-25 15:51:52,0.019,86081536.0,0.022,12.178,1.0,23.735,13.697,1.91,4.691,0.189,62750720.0,0.986,26.844,1.0,68.786,74.577,4.112,89.632,0.007,9023488.0,0.0,2.933,1.0,40.456,54.564,31.49,144.423,0.038,31707136.0,0.007,92.6,1.0,135.678,128.067,0.336,4.24,0.003,44974080.0,0.0,2.822,1.0,7.149,3.882,2.984,4.827,0.074,14245888.0,0.025,27.511,0.999,311.445,353.248,22.0,96.817,0.004,16064512.0,0.0,2.911,1.0,7.551,7.039,2.907,4.791,0.029,9109504.0,0.0,124.978,1.0,113.985,88.316,0.278,3.021,0.028,44212224.0,0.0,16.511,1.0,48.539,51.835,3.092,4.974,0.005,7340032.0,0.0,0,0,42.678,26.895,0,0,0.004,8044544.0,0.0,12.156,1.0,24.33,13.224,0.319,4.08,6.386,40.374,0.0,8.731,9.505,0.0,2.886,9.556,0.0,1.136,10.354,0.0
2025-12-25 15:51:57,0.018,86192128.0,0.016,12.178,1.0,23.735,13.697,1.91,4.691,0.189,62750720.0,0.986,26.844,1.0,67.159,71.933,4.073,88.625,0.006,9023488.0,0.0,2.733,1.0,39.386,52.885,28.827,97.532,0.038,31707136.0,0.007,90.089,1.0,114.022,107.913,0.328,4.179,0.003,44974080.0,0.0,2.822,1.0,7.149,3.882,2.984,4.827,0.074,14245888.0,0.025,27.511,0.999,382.635,432.387,22.0,96.817,0.003,15908864.0,0.0,2.667,1.0,7.448,6.88,2.946,4.798,0.029,9109504.0,0.0,123.378,1.0,152.738,118.481,0.274,2.742,0.028,44212224.0,0.0,16.511,1.0,47.621,50.232,3.092,4.974,0.004,7340032.0,0.0,0,0,42.678,26.895,0,0,0.004,8044544.0,0.0,12.156,1.0,20.761,11.208,0.323,4.116,6.386,40.374,0.0,8.731,9.505,0.0,2.886,9.556,0.0,1.136,10.354,0.0
2025-12-25 15:52:02,0.017,86192128.0,0.015,12.178,1.0,19.965,11.64,1.91,4.691,0.189,62750720.0,0.986,26.844,1.0,66.716,71.944,4.073,88.625,0.007,9281536.0,0.0,2.733,1.0,39.386,52.885,28.827,97.532,0.038,32100352.0,0.005,90.089,1.0,138.52,130.8,0.328,4.179,0.003,44974080.0,0.0,2.822,1.0,7.014,3.895,2.984,4.827,0.074,13832192.0,0.021,27.511,0.999,380.012,427.478,22.0,96.817,0.003,15908864.0,0.0,2.667,1.0,7.448,6.88,2.945,4.796,0.029,9109504.0,0.0,123.378,1.0,152.738,118.481,0.274,2.742,0.028,44212224.0,0.0,16.511,1.0,47.923,50.649,3.092,4.974,0.004,7340032.0,0.0,0,0,42.678,26.895,0,0,0.004,8044544.0,0.0,11.044,1.0,23.873,12.889,0.327,4.149,6.386,40.374,0.0,8.672,9.512,0.0,2.797,9.48,0.133,1.136,10.354,0.0
2025-12-25 15:52:07,0.017,86192128.0,0.015,12.311,1.0,18.895,11.016,1.895,4.71,0.189,63107072.0,0.993,26.111,1.0,66.716,71.944,4.012,88.435,0.006,9281536.0,0.0,2.733,1.0,39.386,52.885,29.268,96.25,0.038,32100352.0,0.006,90.089,1.0,138.52,130.8,0.33,4.2,0.003,44974080.0,0.0,2.533,1.0,7.014,3.895,2.957,4.811,0.072,13832192.0,0.02,26.933,1.0,380.012,427.478,21.551,95.608,0.003,16936960.0,0.0,2.667,1.0,7.039,6.557,2.944,4.795,0.023,9109504.0,0.0,123.378,1.0,149.408,115.451,0.272,2.505,0.027,44187648.0,0.0,15.956,1.0,47.923,50.649,3.082,4.956,0.003,7340032.0,0.0,0,0,24.279,15.329,0,0,0.004,8241152.0,0.0,11.044,1.0,19.467,10.51,0.326,4.139,6.372,40.274,0.0,8.672,9.512,0.0,2.797,9.48,0.133,1.144,10.223,0.0
2025-12-25 15:52:12,0.013,86192128.0,0.002,12.311,1.0,23.437,13.537,1.895,4.71,0.189,63107072.0,0.993,26.111,1.0,66.716,71.944,4.03,88.557,0.006,9281536.0,0.0,2.578,1.0,37.361,49.494,34.122,96.837,0.038,32100352.0,0.006,91.444,1.0,119.366,112.837,0.33,4.195,0.003,44986368.0,0.0,2.533,1.0,7.007,3.903,2.945,4.795,0.072,13832192.0,0.02,26.933,1.0,377.886,426.315,21.551,95.608,0.003,16936960.0,0.0,2.622,1.0,5.708,5.318,2.956,4.796,0.028,8728576.0,0.0,123.489,1.0,149.408,115.451,0.272,2.526,0.027,44187648.0,0.0,15.956,1.0,47.66,50.698,3.082,4.956,0.005,7344128.0,0.0,0,0,27.718,17.501,0,0,0.004,8241152.0,0.0,11.044,1.0,23.225,12.555,0.328,4.16,6.372,40.274,0.0,8.672,9.512,0.0,2.797,9.48,0.133,1.144,10.223,0.0
2025-12-25 15:52:17,0.022,88248320.0,0.029,12.311,1.0,21.67,12.538,1.895,4.71,0.158,63107072.0,0.832,26.111,1.0,67.113,72.005,4.03,88.557,0.006,9281536.0,0.0,2.578,1.0,37.361,49.494,34.122,96.837,0.032,32100352.0,0.005,91.444,1.0,142.189,133.889,0.33,4.195,0.003,44986368.0,0.0,2.533,1.0,6.894,3.809,2.945,4.795,0.074,14020608.0,0.017,26.933,1.0,377.886,426.315,21.551,95.608,0.002,16936960.0,0.0,2.622,1.0,7.251,6.574,2.956,4.796,0.028,8728576.0,0.0,123.489,1.0,149.408,115.451,0.272,2.526,0.027,44187648.0,0.0,15.956,1.0,47.66,50.698,3.082,4.956,0.005,7344128.0,0.0,0,0,31.158,19.673,0,0,0.004,8241152.0,0.0,11.022,1.0,23.225,12.555,0.329,4.164,6.372,40.274,0.0,8.803,9.527,0.0,2.844,9.449,0.0,1.144,10.223,0.0
2025-12-25 15:52:22,0.022,88248320.0,0.029,12.444,1.0,24.446,13.981,1.809,4.701,0.156,63107072.0,0.823,26.756,1.0,68.879,73.311,3.773,84.692,0.007,8986624.0,0.0,2.578,1.0,37.991,50.192,31.757,96.588,0.038,33533952.0,0.006,91.444,1.0,142.189,133.889,0.32,4.109,0.003,44978176.0,0.0,2.689,1.0,6.894,3.809,2.966,4.797,0.074,14020608.0,0.017,27.556,1.0,383.305,433.593,20.445,92.586,0.003,16936960.0,0.0,2.622,1.0,7.432,6.563,2.956,4.796,0.028,8728576.0,0.0,123.489,1.0,149.408,115.451,0.272,2.514,0.021,44187648.0,0.0,16.444,1.0,47.66,50.698,3.073,4.939,0.005,7344128.0,0.0,0,0,26.925,17.0,0,0,0.003,8241152.0,0.0,11.022,1.0,23.225,12.555,0.332,4.189,6.472,40.198,0.0,8.803,9.527,0.0,2.844,9.449,0.0,1.161,10.199,0.0
2025-12-25 15:52:27,0.022,86409216.0,0.033,12.444,1.0,24.446,13.981,1.809,4.701,0.156,49700864.0,0.814,26.756,1.0,68.879,73.311,3.724,84.23,0.007,8986624.0,0.0,2.822,1.0,40.717,53.554,24.46,95.03,0.038,33533952.0,0.006,90.4,1.0,142.189,133.889,0.313,4.017,0.003,44978176.0,0.0,2.689,1.0,5.441,3.073,2.967,4.797,0.074,14020608.0,0.017,27.556,1.0,383.305,433.593,20.445,92.586,0.003,16850944.0,0.0,2.8,1.0,7.432,6.563,2.949,4.795,0.023,8728576.0,0.0,128.022,1.0,108.768,84.302,0.271,2.466,0.029,44208128.0,0.0,16.444,1.0,49.172,52.973,3.073,4.939,0.005,7340032.0,0.0,0,0,43.304,28.072,0,0,0.003,8241152.0,0.0,11.022,1.0,23.723,12.926,0.335,4.21,6.472,40.198,0.0,8.803,9.527,0.0,2.844,9.449,0.0,1.161,10.199,0.0
2025-12-25 15:52:32,0.022,86409216.0,0.033,12.444,1.0,21.051,11.948,1.809,4.701,0.156,49700864.0,0.814,26.756,1.0,69.081,73.89,3.724,84.23,0.007,8986624.0,0.0,2.822,1.0,40.717,53.554,24.46,95.03,0.038,33533952.0,0.006,90.4,1.0,145.788,137.12,0.313,4.017,0.003,44978176.0,0.0,2.689,1.0,7.33,4.12,2.967,4.797,0.074,14385152.0,0.013,27.556,1.0,383.305,433.593,20.445,92.586,0.003,16850944.0,0.0,2.8,1.0,7.93,7.117,2.949,4.795,0.021,8728576.0,0.0,128.022,1.0,121.978,94.54,0.271,2.466,0.029,44208128.0,0.0,16.444,1.0,49.172,52.973,3.073,4.939,0.005,7340032.0,0.0,0,0,43.304,28.072,0,0,0.004,8146944.0,0.0,11.756,1.0,23.723,12.926,0.332,4.188,6.472,40.198,0.0,9.217,9.298,0.0,3.003,9.431,0.0,1.161,10.199,0.0
2025-12-25 15:52:37,0.022,86409216.0,0.033,12.2,1.0,19.022,10.797,1.862,4.707,0.138,49700864.0,0.736,27.222,1.0,71.356,73.401,2.865,77.091,0.007,8986624.0,0.0,2.822,1.0,42.057,55.489,22.157,93.857,0.037,33533952.0,0.0,90.4,1.0,145.788,137.12,0.305,3.89,0.003,44978176.0,0.0,2.844,1.0,7.33,4.12,2.935,4.793,0.074,14385152.0,0.013,27.444,1.0,321.425,362.375,18.213,86.831,0.003,16850944.0,0.0,2.8,1.0,7.93,7.117,2.949,4.795,0.029,9117696.0,0.0,128.022,1.0,158.522,122.864,0.267,1.809,0.029,44208128.0,0.0,16.6,1.0,48.989,52.527,3.034,4.864,0.005,7340032.0,0.0,0,0,43.642,28.673,0,0,0.004,8146944.0,0.0,11.756,1.0,23.736,13.014,0.336,4.22,6.453,40.258,0.0,9.217,9.298,0.0,3.003,9.431,0.0,1.169,10.185,0.0
2025-12-25 15:52:42,0.023,86409216.0,0.042,12.2,1.0,24.911,13.897,1.862,4.707,0.094,49659904.0,0.465,27.222,1.0,71.356,73.401,2.832,75.76,0.009,8740864.0,0.0,2.911,1.0,43.429,57.157,20.483,91.864,0.037,34549760.0,0.0,89.267,1.0,146.981,138.228,0.302,3.847,0.003,44994560.0,0.0,2.844,1.0,7.33,4.12,2.937,4.794,0.074,14385152.0,0.013,27.444,1.0,381.157,429.717,18.213,86.831,0.003,16736256.0,0.0,2.978,1.0,7.72,7.063,2.944,4.794,0.029,9117696.0,0.0,125.667,1.0,132.824,102.946,0.267,1.845,0.028,44306432.0,0.0,16.6,1.0,41.16,44.341,3.034,4.864,0.003,7340032.0,0.0,0,0,43.877,29.148,0,0,0.004,8146944.0,0.0,11.756,1.0,23.912,13.066,0.331,4.185,6.453,40.258,0.0,9.217,9.298,0.0,3.003,9.431,0.0,1.169,10.185,0.0
2025-12-25 15:52:47,0.02,86315008.0,0.031,12.2,1.0,24.911,13.897,1.862,4.707,0.094,49659904.0,0.465,27.222,1.0,76.219,74.64,2.832,75.76,0.009,8740864.0,0.0,2.911,1.0,43.429,57.157,20.483,91.864,0.036,34549760.0,0.0,89.267,1.0,149.095,141.396,0.302,3.847,0.003,44994560.0,0.0,2.844,1.0,7.581,4.186,2.937,4.794,0.074,14176256.0,0.01,27.444,1.0,386.73,433.672,18.213,86.831,0.003,16736256.0,0.0,2.978,1.0,7.72,7.063,2.944,4.794,0.029,9117696.0,0.0,125.667,1.0,158.946,123.862,0.267,1.845,0.029,44306432.0,0.0,16.6,1.0,49.22,53.024,3.034,4.864,0.005,7344128.0,0.0,0,0,43.877,29.148,0,0,0.004,8208384.0,0.0,12.4,1.0,23.912,13.066,0.329,4.166,6.453,40.258,0.0,8.369,9.355,0.0,2.989,9.441,0.0,1.169,10.185,0.0
2025-12-25 15:52:52,0.02,86315008.0,0.031,11.911,1.0,20.256,11.265,1.647,4.665,0.062,49659904.0,0.267,27.733,1.0,76.219,74.64,2.105,47.527,0.009,8896512.0,0.0,2.911,1.0,43.539,57.396,19.297,87.171,0.036,34549760.0,0.0,89.267,1.0,149.095,141.396,0.291,3.58,0.004,44994560.0,0.0,3.333,1.0,7.635,4.223,2.94,4.794,0.074,14176256.0,0.01,27.2,1.0,386.73,433.672,16.589,60.933,0.004,16715776.0,0.0,2.978,1.0,7.72,7.063,2.944,4.794,0.029,8871936.0,0.0,125.667,1.0,158.946,123.862,0.264,1.227,0.029,44306432.0,0.0,17.133,1.0,42.124,45.379,3.021,4.84,0.006,7344128.0,0.0,0,0,45.547,30.777,0,0,0.004,8208384.0,0.0,12.4,1.0,24.787,13.62,0.333,4.196,6.469,40.334,0.0,8.369,9.355,0.0,2.989,9.441,0.0,1.111,10.197,0.0
2025-12-25 15:52:57,0.011,86315008.0,0.002,11.911,1.0,23.741,13.203,1.647,4.665,0.052,49647616.0,0.196,27.733,1.0,76.219,74.64,2.111,42.411,0.009,8896512.0,0.0,3.333,1.0,45.871,60.544,18.135,69.286,0.036,31948800.0,0.007,85.022,1.0,146.24,138.61,0.289,3.534,0.003,44994560.0,0.0,3.333,1.0,7.635,4.223,2.945,4.795,0.074,14176256.0,0.01,27.2,1.0,391.874,437.394,16.589,60.933,0.004,16715776.0,0.0,3.4,1.0,6.966,6.632,2.946,4.795,0.029,8871936.0,0.0,131.356,1.0,163.121,127.877,0.263,1.074,0.03,44187648.0,0.0,17.133,1.0,49.518,53.61,3.021,4.84,0.006,7344128.0,0.0,0,0,36.268,24.507,0,0,0.004,8433664.0,0.0,12.4,1.0,19.764,10.86,0.325,4.133,6.469,40.334,0.0,8.369,9.355,0.0,2.989,9.441,0.0,1.111,10.197,0.0
2025-12-25 15:53:02,0.009,86315008.0,0.002,11.911,1.0,23.741,13.203,1.647,4.665,0.052,49647616.0,0.196,27.733,1.0,66.529,62.693,2.111,42.411,0.007,8896512.0,0.0,3.333,1.0,39.821,52.559,18.135,69.286,0.035,31948800.0,0.011,85.022,1.0,146.444,139.588,0.289,3.534,0.004,44986368.0,0.0,3.333,1.0,8.099,4.509,2.945,4.795,0.073,14458880.0,0.009,27.2,1.0,388.208,433.282,16.589,60.933,0.004,16715776.0,0.0,3.4,1.0,8.293,7.895,2.946,4.795,0.029,8871936.0,0.0,131.356,1.0,164.987,129.826,0.263,1.074,0.03,44187648.0,0.0,17.133,1.0,49.877,54.259,3.021,4.84,0.006,7344128.0,0.0,0,0,32.473,21.942,0,0,0.004,8433664.0,0.0,13.178,1.0,26.45,14.402,0.322,4.102,6.469,40.334,0.0,7.608,9.411,0.067,2.994,9.454,0.0,1.111,10.197,0.0
2025-12-25 15:53:07,0.012,86286336.0,0.006,11.844,1.0,24.143,13.415,1.469,4.647,0.021,49647616.0,0.0,28.0,1.0,78.497,73.97,1.635,4.688,0.007,8896512.0,0.0,3.333,1.0,35.999,47.513,17.5,24.67,0.035,31948800.0,0.011,85.022,1.0,146.444,139.588,0.283,3.316,0.004,44986368.0,0.0,3.489,1.0,8.099,4.509,2.933,4.793,0.073,14458880.0,0.009,27.267,1.0,388.208,433.282,15.783,24.873,0.004,16715776.0,0.0,3.4,1.0,8.293,7.895,2.946,4.795,0.03,8974336.0,0.0,131.356,1.0,164.052,129.509,0.259,0.493,0.024,44191744.0,0.0,17.422,1.0,49.877,54.259,3.003,4.805,0.005,7344128.0,0.0,0,0,27.506,18.775,0,0,0.003,8433664.0,0.0,13.178,1.0,26.45,14.402,0.318,4.067,6.317,40.225,0.133,7.608,9.411,0.067,2.994,9.454,0.0,1.069,10.212,0.067
2025-12-25 15:53:12,0.012,86286336.0,0.006,11.844,1.0,24.408,13.614,1.469,4.647,0.021,49647616.0,0.0,28.0,1.0,67.862,63.949,1.644,4.664,0.009,8921088.0,0.0,3.467,1.0,47.608,64.458,17.202,24.22,0.035,31948800.0,0.011,84.6,1.0,123.03,117.27,0.283,3.293,0.004,44986368.0,0.0,3.489,1.0,8.858,4.952,2.934,4.793,0.073,14458880.0,0.009,27.267,1.0,389.107,431.96,15.783,24.873,0.004,16887808.0,0.0,3.422,1.0,8.836,8.293,2.942,4.794,0.022,8974336.0,0.0,127.022,1.0,164.052,129.509,0.259,0.493,0.029,44191744.0,0.0,17.422,1.0,49.194,53.428,3.003,4.805,0.006,7340032.0,0.0,0,0,45.734,31.628,0,0,0.003,8196096.0,0.0,13.178,1.0,26.196,14.106,0.314,4.013,6.317,40.225,0.133,7.608,9.411,0.067,2.994,9.454,0.0,1.069,10.212,0.067
2025-12-25 15:53:17,0.012,86286336.0,0.006,11.844,1.0,24.408,13.614,1.469,4.647,0.016,49647616.0,0.0,28.0,1.0,61.321,57.785,1.644,4.664,0.009,8921088.0,0.0,3.467,1.0,47.608,64.458,17.202,24.22,0.028,31948800.0,0.009,84.6,1.0,90.65,86.825,0.283,3.293,0.004,44986368.0,0.0,3.489,1.0,9.035,5.052,2.934,4.793,0.059,14458880.0,0.004,27.267,1.0,309.831,343.953,15.783,24.873,0.004,16887808.0,0.0,3.422,1.0,8.728,8.234,2.942,4.794,0.024,8974336.0,0.0,127.022,1.0,164.052,129.509,0.259,0.493,0.029,44191744.0,0.0,17.422,1.0,49.194,53.428,3.003,4.805,0.006,7340032.0,0.0,0,0,45.734,31.628,0,0,0.004,8196096.0,0.0,12.578,1.0,26.196,14.106,0.316,4.039,6.317,40.225,0.133,6.442,9.414,0.0,2.892,9.437,0.0,1.069,10.212,0.067
2025-12-25 15:53:22,0.012,86286336.0,0.006,12.133,1.0,15.2,8.5,1.252,4.625,0.014,49647616.0,0.0,27.978,1.0,55.068,51.835,1.565,4.656,0.008,8921088.0,0.0,3.467,1.0,47.608,64.458,17.194,24.219,0.024,31948800.0,0.015,84.6,1.0,96.743,92.661,0.282,3.268,0.004,45010944.0,0.0,3.378,1.0,9.035,5.052,2.953,4.795,0.053,14458880.0,0.003,27.4,1.0,225.65,250.0,15.707,24.693,0.004,16887808.0,0.0,3.422,1.0,8.728,8.234,2.942,4.794,0.026,8974336.0,0.0,127.022,1.0,130.009,102.634,0.259,0.492,0.024,44191744.0,0.0,17.356,1.0,49.194,53.428,3.004,4.807,0.006,7340032.0,0.0,0,0,45.734,31.628,0,0,0.004,8196096.0,0.0,12.578,1.0,26.196,14.106,0.314,4.016,6.408,40.251,0.067,6.442,9.414,0.0,2.892,9.437,0.0,1.083,10.208,0.0
